-- MySQL Script generated by MySQL Workbench
-- Thu Aug 16 19:32:56 2018
-- Model: New Model    Version: 1.0
-- MySQL Workbench Forward Engineering

SET @OLD_UNIQUE_CHECKS=@@UNIQUE_CHECKS, UNIQUE_CHECKS=0;
SET @OLD_FOREIGN_KEY_CHECKS=@@FOREIGN_KEY_CHECKS, FOREIGN_KEY_CHECKS=0;
SET @OLD_SQL_MODE=@@SQL_MODE, SQL_MODE='TRADITIONAL,ALLOW_INVALID_DATES';

-- -----------------------------------------------------
-- Schema sat
-- -----------------------------------------------------
DROP SCHEMA IF EXISTS `sat` ;

-- -----------------------------------------------------
-- Schema sat
-- -----------------------------------------------------
CREATE SCHEMA IF NOT EXISTS `sat` DEFAULT CHARACTER SET utf8 ;
USE `sat` ;

-- -----------------------------------------------------
-- Table `sat`.`types_of_transports`
-- -----------------------------------------------------
CREATE TABLE IF NOT EXISTS `sat`.`types_of_transports` (
  `id` INT UNSIGNED NOT NULL AUTO_INCREMENT,
  `type` VARCHAR(45) NOT NULL,
  PRIMARY KEY (`id`),
  UNIQUE INDEX `id_UNIQUE` (`id` ASC))
ENGINE = InnoDB;


-- -----------------------------------------------------
-- Table `sat`.`transport`
-- -----------------------------------------------------
CREATE TABLE IF NOT EXISTS `sat`.`transport` (
  `id` INT UNSIGNED NOT NULL AUTO_INCREMENT,
  `name` VARCHAR(45) NOT NULL,
  `max_сarrying_сapacity` VARCHAR(45) NOT NULL,
  `types_of_transports_id` INT UNSIGNED NOT NULL,
  PRIMARY KEY (`id`),
  UNIQUE INDEX `id_UNIQUE` (`id` ASC),
  INDEX `fk_tracks_types_of_transports1_idx` (`types_of_transports_id` ASC),
  CONSTRAINT `fk_tracks_types_of_transports1`
    FOREIGN KEY (`types_of_transports_id`)
    REFERENCES `sat`.`types_of_transports` (`id`)
    ON DELETE NO ACTION
    ON UPDATE NO ACTION)
ENGINE = InnoDB;


-- -----------------------------------------------------
-- Table `sat`.`stocks`
-- -----------------------------------------------------
CREATE TABLE IF NOT EXISTS `sat`.`stocks` (
  `id` INT UNSIGNED NOT NULL AUTO_INCREMENT,
  `name` VARCHAR(45) NOT NULL,
  `types_of_transports_id` INT UNSIGNED NOT NULL,
  UNIQUE INDEX `id_UNIQUE` (`id` ASC),
  PRIMARY KEY (`id`),
  INDEX `fk_stocks_types_of_transports1_idx` (`types_of_transports_id` ASC),
  CONSTRAINT `fk_stocks_types_of_transports1`
    FOREIGN KEY (`types_of_transports_id`)
    REFERENCES `sat`.`types_of_transports` (`id`)
    ON DELETE NO ACTION
    ON UPDATE NO ACTION)
ENGINE = InnoDB;


-- -----------------------------------------------------
-- Table `sat`.`items`
-- -----------------------------------------------------
CREATE TABLE IF NOT EXISTS `sat`.`items` (
  `id` INT UNSIGNED NOT NULL AUTO_INCREMENT,
  `name` VARCHAR(45) NOT NULL,
  `price` VARCHAR(45) NOT NULL,
  `volume` VARCHAR(45) NOT NULL,
  PRIMARY KEY (`id`),
  UNIQUE INDEX `id_UNIQUE` (`id` ASC))
ENGINE = InnoDB;


-- -----------------------------------------------------
-- Table `sat`.`stocks_has_items`
-- -----------------------------------------------------
CREATE TABLE IF NOT EXISTS `sat`.`stocks_has_items` (
  `stocks_id` INT UNSIGNED NOT NULL,
  `items_id` INT UNSIGNED NOT NULL,
  PRIMARY KEY (`stocks_id`, `items_id`),
  INDEX `fk_stocks_has_items_items1_idx` (`items_id` ASC),
  INDEX `fk_stocks_has_items_stocks1_idx` (`stocks_id` ASC),
  CONSTRAINT `fk_stocks_has_items_stocks1`
    FOREIGN KEY (`stocks_id`)
    REFERENCES `sat`.`stocks` (`id`)
    ON DELETE NO ACTION
    ON UPDATE NO ACTION,
  CONSTRAINT `fk_stocks_has_items_items1`
    FOREIGN KEY (`items_id`)
    REFERENCES `sat`.`items` (`id`)
    ON DELETE NO ACTION
    ON UPDATE NO ACTION)
ENGINE = InnoDB;


-- -----------------------------------------------------
-- Table `sat`.`Tracks`
-- -----------------------------------------------------
CREATE TABLE IF NOT EXISTS `sat`.`Tracks` (
  `id` INT UNSIGNED NOT NULL AUTO_INCREMENT,
  `transport_id` INT UNSIGNED NOT NULL,
  `color` VARCHAR(45) NOT NULL,
  PRIMARY KEY (`id`),
  UNIQUE INDEX `id_UNIQUE` (`id` ASC),
  INDEX `fk_Tracks_transport1_idx` (`transport_id` ASC),
  CONSTRAINT `fk_Tracks_transport1`
    FOREIGN KEY (`transport_id`)
    REFERENCES `sat`.`transport` (`id`)
    ON DELETE NO ACTION
    ON UPDATE NO ACTION)
ENGINE = InnoDB;


-- -----------------------------------------------------
-- Table `sat`.`Trains`
-- -----------------------------------------------------
CREATE TABLE IF NOT EXISTS `sat`.`Trains` (
  `id` INT UNSIGNED NOT NULL AUTO_INCREMENT,
  `transport_id` INT UNSIGNED NOT NULL,
  `number_of_wagons` VARCHAR(45) NOT NULL,
  PRIMARY KEY (`id`),
  UNIQUE INDEX `id_UNIQUE` (`id` ASC),
  INDEX `fk_Trains_transport1_idx` (`transport_id` ASC),
  CONSTRAINT `fk_Trains_transport1`
    FOREIGN KEY (`transport_id`)
    REFERENCES `sat`.`transport` (`id`)
    ON DELETE NO ACTION
    ON UPDATE NO ACTION)
ENGINE = InnoDB;


SET SQL_MODE=@OLD_SQL_MODE;
SET FOREIGN_KEY_CHECKS=@OLD_FOREIGN_KEY_CHECKS;
SET UNIQUE_CHECKS=@OLD_UNIQUE_CHECKS;

-- -----------------------------------------------------
-- Data for table `sat`.`types_of_transports`
-- -----------------------------------------------------
START TRANSACTION;
USE `sat`;
INSERT INTO `sat`.`types_of_transports` (`id`, `type`) VALUES (1, 'auto');
INSERT INTO `sat`.`types_of_transports` (`id`, `type`) VALUES (2, 'train');
INSERT INTO `sat`.`types_of_transports` (`id`, `type`) VALUES (3, 'all');

COMMIT;


-- -----------------------------------------------------
-- Data for table `sat`.`transport`
-- -----------------------------------------------------
START TRANSACTION;
USE `sat`;
INSERT INTO `sat`.`transport` (`id`, `name`, `max_сarrying_сapacity`, `types_of_transports_id`) VALUES (1, 'mb_actros', '20', 1);
INSERT INTO `sat`.`transport` (`id`, `name`, `max_сarrying_сapacity`, `types_of_transports_id`) VALUES (2, 'train_name', '200', 2);
INSERT INTO `sat`.`transport` (`id`, `name`, `max_сarrying_сapacity`, `types_of_transports_id`) VALUES (3, 'gezel', '5', 1);
INSERT INTO `sat`.`transport` (`id`, `name`, `max_сarrying_сapacity`, `types_of_transports_id`) VALUES (4, 'mini_gezel', '3', 1);
INSERT INTO `sat`.`transport` (`id`, `name`, `max_сarrying_сapacity`, `types_of_transports_id`) VALUES (5, 'little_train', '50', 2);

COMMIT;


-- -----------------------------------------------------
-- Data for table `sat`.`stocks`
-- -----------------------------------------------------
START TRANSACTION;
USE `sat`;
INSERT INTO `sat`.`stocks` (`id`, `name`, `types_of_transports_id`) VALUES (1, 'FirstLittleStock', 1);
INSERT INTO `sat`.`stocks` (`id`, `name`, `types_of_transports_id`) VALUES (2, 'FirstMediumStock', 2);
INSERT INTO `sat`.`stocks` (`id`, `name`, `types_of_transports_id`) VALUES (3, 'FirstBigStock', 3);
INSERT INTO `sat`.`stocks` (`id`, `name`, `types_of_transports_id`) VALUES (4, 'SecondLittleStock', 1);
INSERT INTO `sat`.`stocks` (`id`, `name`, `types_of_transports_id`) VALUES (5, 'SecondMediumStock', 2);
INSERT INTO `sat`.`stocks` (`id`, `name`, `types_of_transports_id`) VALUES (6, 'SecondBigStock', 3);
INSERT INTO `sat`.`stocks` (`id`, `name`, `types_of_transports_id`) VALUES (7, 'ThirdLittleStock', 1);
INSERT INTO `sat`.`stocks` (`id`, `name`, `types_of_transports_id`) VALUES (8, 'ThirdMediumStock', 2);
INSERT INTO `sat`.`stocks` (`id`, `name`, `types_of_transports_id`) VALUES (9, 'ThirdBigStock', 3);
INSERT INTO `sat`.`stocks` (`id`, `name`, `types_of_transports_id`) VALUES (10, '4tfLittleStock', 1);

COMMIT;


-- -----------------------------------------------------
-- Data for table `sat`.`items`
-- -----------------------------------------------------
START TRANSACTION;
USE `sat`;
INSERT INTO `sat`.`items` (`id`, `name`, `price`, `volume`) VALUES (1, 'table', '5', '5');
INSERT INTO `sat`.`items` (`id`, `name`, `price`, `volume`) VALUES (2, 'carParts', '20', '4');
INSERT INTO `sat`.`items` (`id`, `name`, `price`, `volume`) VALUES (3, 'computers', '500', '3');
INSERT INTO `sat`.`items` (`id`, `name`, `price`, `volume`) VALUES (4, 'mobilePhone', '700', '1');
INSERT INTO `sat`.`items` (`id`, `name`, `price`, `volume`) VALUES (5, 'humanOrgans', '1000', '1');
INSERT INTO `sat`.`items` (`id`, `name`, `price`, `volume`) VALUES (6, 'tv', '800', '2');
INSERT INTO `sat`.`items` (`id`, `name`, `price`, `volume`) VALUES (7, 'clother', '30', '1');
INSERT INTO `sat`.`items` (`id`, `name`, `price`, `volume`) VALUES (8, 'sexToys', '50', '1');
INSERT INTO `sat`.`items` (`id`, `name`, `price`, `volume`) VALUES (9, 'guitars', '300', '1');
INSERT INTO `sat`.`items` (`id`, `name`, `price`, `volume`) VALUES (10, 'pils', '40', '1');
INSERT INTO `sat`.`items` (`id`, `name`, `price`, `volume`) VALUES (11, 'drugs', '100', '1');
INSERT INTO `sat`.`items` (`id`, `name`, `price`, `volume`) VALUES (12, 'wepons', '1000', '10');
INSERT INTO `sat`.`items` (`id`, `name`, `price`, `volume`) VALUES (13, 'bullets', '3', '2');
INSERT INTO `sat`.`items` (`id`, `name`, `price`, `volume`) VALUES (14, 'musicDisk', '4', '1');
INSERT INTO `sat`.`items` (`id`, `name`, `price`, `volume`) VALUES (15, 'programmers', '750', '3');
INSERT INTO `sat`.`items` (`id`, `name`, `price`, `volume`) VALUES (16, 'candies', '1', '2');
INSERT INTO `sat`.`items` (`id`, `name`, `price`, `volume`) VALUES (17, 'batteries', '2', '1');
INSERT INTO `sat`.`items` (`id`, `name`, `price`, `volume`) VALUES (18, 'alcohol', '15', '10');
INSERT INTO `sat`.`items` (`id`, `name`, `price`, `volume`) VALUES (19, 'instruments', '45', '15');
INSERT INTO `sat`.`items` (`id`, `name`, `price`, `volume`) VALUES (20, 'notebook', '900', '2');
INSERT INTO `sat`.`items` (`id`, `name`, `price`, `volume`) VALUES (21, 'hardDisk', '40', '1');
INSERT INTO `sat`.`items` (`id`, `name`, `price`, `volume`) VALUES (22, 'food', '3', '7');
INSERT INTO `sat`.`items` (`id`, `name`, `price`, `volume`) VALUES (23, 'cable', '2', '2');
INSERT INTO `sat`.`items` (`id`, `name`, `price`, `volume`) VALUES (24, 'boat', '150', '10');
INSERT INTO `sat`.`items` (`id`, `name`, `price`, `volume`) VALUES (25, 'mummy', '850', '6');
INSERT INTO `sat`.`items` (`id`, `name`, `price`, `volume`) VALUES (26, 'bag', '60', '3');
INSERT INTO `sat`.`items` (`id`, `name`, `price`, `volume`) VALUES (27, 'footwear', '90', '2');
INSERT INTO `sat`.`items` (`id`, `name`, `price`, `volume`) VALUES (28, 'tshort', '5', '1');
INSERT INTO `sat`.`items` (`id`, `name`, `price`, `volume`) VALUES (29, 'bigBox', '450', '25');
INSERT INTO `sat`.`items` (`id`, `name`, `price`, `volume`) VALUES (30, 'littleBox', '220', '12');

COMMIT;


-- -----------------------------------------------------
-- Data for table `sat`.`Tracks`
-- -----------------------------------------------------
START TRANSACTION;
USE `sat`;
INSERT INTO `sat`.`Tracks` (`id`, `transport_id`, `color`) VALUES (1, 1, 'green');
INSERT INTO `sat`.`Tracks` (`id`, `transport_id`, `color`) VALUES (2, 3, 'red');
INSERT INTO `sat`.`Tracks` (`id`, `transport_id`, `color`) VALUES (3, 4, 'white');

COMMIT;


-- -----------------------------------------------------
-- Data for table `sat`.`Trains`
-- -----------------------------------------------------
START TRANSACTION;
USE `sat`;
INSERT INTO `sat`.`Trains` (`id`, `transport_id`, `number_of_wagons`) VALUES (1, 2, '20');
INSERT INTO `sat`.`Trains` (`id`, `transport_id`, `number_of_wagons`) VALUES (2, 5, '10');

COMMIT;

